/*Usuarios registrados*/
INSERT INTO usuarios (id, username, password, enabled, nombre, apellido, email, poblacion, pais, telefono, is_jefe) VALUES (1, 'admin', '$2a$10$r/KeojpPM4r7vyrJZPFO..ARRrpSWdLVLhgXN7oY9DU/2Inn8b9xG', true, 'José Ángel', 'Morales Cano', 'jamorales@gmail.com', 'Madrid', 'España', '654456543', true);
INSERT INTO usuarios (id, username, password, enabled, nombre, apellido, email, poblacion, pais, telefono, is_jefe) VALUES (2, 'fulanito', '$2a$10$QBPs5rVwrMHJ0PJkOj2cUuEZuqNuq8qWXfxV3EPDcYb.PTvYoX16q', true, 'Maria', 'Ceballos', 'luispastor75@gmail.com', 'Oviedo', 'España', '660900123', true);
INSERT INTO usuarios (id, username, password, enabled, nombre, apellido, email, poblacion, pais, telefono, is_jefe) VALUES (3, 'marquitos', '$2a$10$1BAj42N6onZjSCYcTwUjm./ftt7WiZSsAKl42KZ0Oe.T6OzNJbyWe', true, 'Marcos', 'López Prieto', 'lopezprieto45@hotmail.es', 'Santa Pola', 'España', '669343201', true);
INSERT INTO usuarios (id, username, password, enabled, nombre, apellido, email, poblacion, pais, telefono, is_jefe) VALUES (4, 'menganito', '$2a$10$FqQzY1l2Bp7qUkLIrVITtuA5KHkAhWMGet1BOep5mvx8pdwU4xAwK', true, 'Pedro', 'Heredia', 'pheredia@mixmail.com', 'Ciudad Real', 'España', '623099020', false);
INSERT INTO usuarios (id, username, password, enabled, nombre, apellido, email, poblacion, pais, telefono, is_jefe) VALUES (5, 'tecnologias', '$2a$10$9dSFVnFAXV4BhSTxNXUl3evtv208iY0tyGYx.PqgiP86wdbt1gZ2e', true, 'Isabel', 'González', 'iglonzalez23@yahoo.es', 'Molina de Aragón', 'España', '605894501', false);
INSERT INTO usuarios (id, username, password, enabled, nombre, apellido, email, poblacion, pais, telefono, is_jefe) VALUES (6, 'churrasco', '$2a$10$99f7GstwXNMESec.gKl6KeNvyzm.1Xhnr1oNAZ/KUDD59BYWeO30a', true, 'Maria del Carmen', 'López Fraile', 'lopezfraile3423@hotmail.es', 'Berlín', 'Alemania', '609563212', false);
INSERT INTO usuarios (id, username, password, enabled, nombre, apellido, email, poblacion, pais, telefono, is_jefe) VALUES (7, 'lorenzo99', '$2a$10$A/dMmXjKbRKRRyzIgK9eRupUhBvuV2PweoPBtuX2DXE2bOtEVSfte', true, 'José María', 'de las Heras', 'ximoheras43@hotmail.com', 'Orense', 'España', '620345810', false);
INSERT INTO usuarios (id, username, password, enabled, nombre, apellido, email, poblacion, pais, telefono, is_jefe) VALUES (8, 'lopesino', '$2a$10$KYV0eiY97QtTw3zY16AqZeA7Bozf3B1sYeamJNq/od.iVdNsqlFJm', true, 'Fernando', 'Campoamor', 'lopesino56@ya.com', 'Tossa de Mar', 'España', '643540910', true);
INSERT INTO usuarios (id, username, password, enabled, nombre, apellido, email, poblacion, pais, telefono, is_jefe) VALUES (9, 'manjarin20', '$2a$10$IPlPNUEXhu9/4r3WTQ5JieFE0diCfbQY3yaYrz2Dx.nHKTXj1hykW', true, 'Antonio Jesús', 'Fernández Pastor', 'lajarintony@ozu.es', 'Salamanca', 'España', '690230912', false);
INSERT INTO usuarios (id, username, password, enabled, nombre, apellido, email, poblacion, pais, telefono, is_jefe) VALUES (10, 'peter32', '$2a$10$GYSrfzeww9gTxjJIqqrQ4.z7clVZIM55SesGMzS/OAPisG4zuLOhW', true, 'Pedro Luis', 'Serrano', 'serranomorales32@hotmail.com', 'Alcalá de Henares', 'España', '623430920', false);
INSERT INTO usuarios (id, username, password, enabled, nombre, apellido, email, poblacion, pais, telefono, is_jefe) VALUES (11, 'casiano', '$2a$10$.WVSJRIWEzeLhI0Ev3V7HeIlgTKooWPSHiGdjGZAjy0C33ay888Ru', true, 'Julio', 'Gómez García', 'casiogomez@gmail.com', 'Toledo', 'España', '620549839', true);
INSERT INTO usuarios (id, username, password, enabled, nombre, apellido, email, poblacion, pais, telefono, is_jefe) VALUES (12, 'virgo75', '$2a$10$.WVSJRIWEzeLhI0Ev3V7HeIlgTKooWPSHiGdjGZAjy0C33ay888Ru', true, 'Virginia', 'García Hernández', 'virgimarful90@gmail.es', 'Madrid', 'España', '667909321', false);
INSERT INTO usuarios (id, username, password, enabled, nombre, apellido, email, poblacion, pais, telefono, is_jefe) VALUES (13, 'zambombo', '$2a$10$zu3TbBucv7PqkAFk5327suNy15.fEC7vm.Ez5CqfczkmYLJwzf4S.', true, 'Celestino', 'Mayoral', 'celesmayoral@gmail.com', 'Berlin', 'Alemania', '659049803', false);
INSERT INTO usuarios (id, username, password, enabled, nombre, apellido, email, poblacion, pais, telefono, is_jefe) VALUES (14, 'lobillo10', '$2a$10$.23hgjJV0piAva6PVIRzeesp534xbVSzHkcmJWSIm7nPwEB0mo2tK', true, 'Nerea', 'González Cuesta', 'nereaa80@ya.com', 'Ponferrada', 'España', '660090323', true);
INSERT INTO usuarios (id, username, password, enabled, nombre, apellido, email, poblacion, pais, telefono, is_jefe) VALUES (15, 'lamonica', '$2a$10$uO8QFo9iMI7wBD/8HRv3LORQiFxiLU5Ts1Zr2pBqZj8Zb/X7pnD5u', true, 'Mónica', 'de la Cruz', 'cruzmoni25@hotmail.es', 'Las Palmas', 'España', '620330129', true);
INSERT INTO usuarios (id, username, password, enabled, nombre, apellido, email, poblacion, pais, telefono, is_jefe) VALUES (16, 'juli99', '$2a$10$qidDjWTn70tDk.M9oLebFeSjE/9x/PqT5o66Dhqz6f89lzpavDJ52', true, 'Julián', 'Alonso', 'julialon99@mixmail.com', 'Sigüenza', 'España', '615450934', false);
INSERT INTO usuarios (id, username, password, enabled, nombre, apellido, email, poblacion, pais, telefono, is_jefe) VALUES (17, 'chuchi', '$2a$10$2nj01d3UuVcBC1.ZHwGldeiaAWeICE6KZ7bHgjWwavGi4a1oor8w6', true, 'Martín', 'Pérez Montalván', 'montymartin@yahoo.es', 'Huesca', 'España', '605909943', false);
INSERT INTO usuarios (id, username, password, enabled, nombre, apellido, email, poblacion, pais, telefono, is_jefe) VALUES (18, 'morris23', '$2a$10$o65zfOjXrkk7fCYSK1Jt7uTR0BBH5l/nMzvhtP1ECzW2jgCbz/4jm', true, 'Carlos', 'Huetos', 'charlymorris@hotmail.com', 'Hamburgo', 'Alemania', '646563012', false);
INSERT INTO usuarios (id, username, password, enabled, nombre, apellido, email, poblacion, pais, telefono, is_jefe) VALUES (19, 'domantas', '$2a$10$1Lo5AlU9S8.ZJReJR1CgO.Z321HxGFrTE6GM9xomGr0f4pXuDi2IS', true, 'Antonio Jesús', 'Sánchez Catalán', 'happyman32@hotmail.com', 'León', 'España', '658675403', false);
INSERT INTO usuarios (id, username, password, enabled, nombre, apellido, email, poblacion, pais, telefono, is_jefe) VALUES (20, 'trozo90', '$2a$10$.GP0IddqF/yBuWiEbGHoOOv3eS8bgzsLoEG6/RHeZFkEhVnoSmx2W', true, 'Fernando', 'Sanz Díaz', 'cubico45@orange.com', 'Pamplona', 'España', '629454532', true);
INSERT INTO usuarios (id, username, password, enabled, nombre, apellido, email, poblacion, pais, telefono, is_jefe) VALUES (21, 'chapu', '$2a$10$OBGtG.IU6etM4LgP0YlcZOlM0mXfOTf86XdJQ2DPwSbQYlHP3oDXu', true, 'Luisa María', 'Castro', 'carniluisa34@ozu.es', 'Badajoz', 'España', '690343421', false);
INSERT INTO usuarios (id, username, password, enabled, nombre, apellido, email, poblacion, pais, telefono, is_jefe) VALUES (22, 'loren99', '$2a$10$bjviT1DtRVeudMqQEgqv2OWnjCSVVhf6wPSoMRXWk80ommVWtTBbe', true, 'Marino', 'Lorenzo', 'marinolorenzo74@hotmail.com', 'Huelva', 'España', '629341000', false);
INSERT INTO usuarios (id, username, password, enabled, nombre, apellido, email, poblacion, pais, telefono, is_jefe) VALUES (23, 'felipon', '$2a$10$kGSgq5RSZMAXbZL2PnakDuUT88MFCQlhvvBZRBaM8lwtVTsqUeOd.', true, 'Felipe', 'Carrillo', 'felipon4343@gmail.com', 'Cuenca', 'España', '627854023', true);
INSERT INTO usuarios (id, username, password, enabled, nombre, apellido, email, poblacion, pais, telefono, is_jefe) VALUES (24, 'miri41', '$2a$10$06jFoW2cN7Jq4OjeNoV1xOi5s0bBjDNbyo1idSjA2EMxYRuv6TWyG', true, 'Miriam', 'Lázaro', 'lazaromiri32@gmail.es', 'Madrid', 'España', '664309313', false);
INSERT INTO usuarios (id, username, password, enabled, nombre, apellido, email, poblacion, pais, telefono, is_jefe) VALUES (25, 'kobe24', '$2a$10$gVr97mj6HWGKjX9tTNg3k.VsZk/gTnw5Xd.FK.9K6FWlB6WWon9ka', true, 'Carlos', 'Navarro', 'kobe248@gmail.com', 'Salamanca', 'España', '659095434', false);
INSERT INTO usuarios (id, username, password, enabled, nombre, apellido, email, poblacion, pais, telefono, is_jefe) VALUES (26, 'kiriki', '$2a$10$0VCx8NbsCUBBDkeNu/.bVeGek9A7ZQ/S/j0JsrnHguEwwkdmoGP0S', true, 'Alejandro', 'Abad', 'kilito6969@mixmail.com', 'Alcalá de Henares', 'España', '669045655', true);
INSERT INTO usuarios (id, username, password, enabled, nombre, apellido, email, poblacion, pais, telefono, is_jefe) VALUES (27, 'justo90', '$2a$10$eEtRc8G9cA/JXwb.OLJfWenSgYvvXW/g//htt5g97JRJOkwd8KR/6', true, 'Justo', 'Rupérez Alonso', 'justoAlonso54@hotmail.es', 'Torrevieja', 'España', '660656543', true);
INSERT INTO usuarios (id, username, password, enabled, nombre, apellido, email, poblacion, pais, telefono, is_jefe) VALUES (28, 'colax', '$2a$10$ZeJDpFCNRhXrR4jBNRa4t.JiVU0ZSFZHTDdVDYh1c4HpEU.RzAYvW', true, 'Francisco', 'Sanabria', 'colacx98@mixmail.com', 'Palencia', 'España', '620540900', false);
INSERT INTO usuarios (id, username, password, enabled, nombre, apellido, email, poblacion, pais, telefono, is_jefe) VALUES (29, 'diabolo90', '$2a$10$ITJWI5oPCfo8EBV1zbhCaex3Qtx81.8usn8NA4.YbFTOTaxCe3YMq', true, 'Mariano', 'Pernía', 'pernia1234@yahoo.es', 'Zamora', 'España', '669895410', false);
INSERT INTO usuarios (id, username, password, enabled, nombre, apellido, email, poblacion, pais, telefono, is_jefe) VALUES (30, 'chaman56', '$2a$10$68sOB/rDpwicfysmP/ChCOSQCIqAehqoXvkmTvdTzdG1Mqjz5bQNC', true, 'Elena', 'de Andrés Nadal', 'nadalelena@hotmail.es', 'Lyon', 'Francia', '645769032', false);
INSERT INTO usuarios (id, username, password, enabled, nombre, apellido, email, poblacion, pais, telefono, is_jefe) VALUES (31, 'cristina32', '$2a$10$RtT35bIxLwemIYzBG7rJMOQmkjdQPD7HtK76/OLnlGiIIZPkfiO.a', true, 'Cristina', 'Márquez Carrasco', 'cristina323@hotmail.com', 'Santiago', 'Chile', '629054345', false);
INSERT INTO usuarios (id, username, password, enabled, nombre, apellido, email, poblacion, pais, telefono, is_jefe) VALUES (32, 'moreni00', '$2a$10$pfuo5VFskC27woC18RcyLeRbnr15zd7uwYm0Kh4r4ROgoitTOXGCC', true, 'Jesús Antonio', 'Lozano', 'lozano6540@orange.com', 'Tarragona', 'España', '649054321', true);
INSERT INTO usuarios (id, username, password, enabled, nombre, apellido, email, poblacion, pais, telefono, is_jefe) VALUES (33, 'albasini', '$2a$10$yqckf9dtQSFcbGdp2uHEv.5X6AEh828zX3IJ0l1FSfcZKM.baQp4a', true, 'Lucía', 'Márquez de Luz', 'lucyslu@hotmail.es', 'Albacete', 'España', '699545643', false);
INSERT INTO usuarios (id, username, password, enabled, nombre, apellido, email, poblacion, pais, telefono, is_jefe) VALUES (34, 'bianca17', '$2a$10$3dWcw9Y8WNRQSc7lwcefN.xI.PeJHHO9Jlq1gBskDhRYDfGcVn/pG', true, 'Bianca', 'Romanov', 'biancaromanov17@hotmail.com', 'Tolosa', 'España', '665454534', false);
INSERT INTO usuarios (id, username, password, enabled, nombre, apellido, email, poblacion, pais, telefono, is_jefe) VALUES (35, 'canicida', '$2a$10$FybtRf.SWnrOn6To7R0m8e.YOo1VpiiyJ3xUuIeSMGZuQLg8nabHu', true, 'Nuria', 'Alba Doncel', 'canicida187@gmail.com', 'Vigo', 'España', '625650099', true);
INSERT INTO usuarios (id, username, password, enabled, nombre, apellido, email, poblacion, pais, telefono, is_jefe) VALUES (36, 'baresi32', '$2a$10$7OMg60.pfHT3xtjhuAvAW.nqYQYSc0/8/xmy4Hvk4FDqyohBWgpP.', true, 'Sergio', 'Pascual', 'apascual56@gmail.es', 'Madrid', 'España', '669056567', false);
INSERT INTO usuarios (id, username, password, enabled, nombre, apellido, email, poblacion, pais, telefono, is_jefe) VALUES (37, 'Jorge43', '$2a$10$U2BxV3jhXQGy4yiQwUthke2KHimcAKXcqPw91zmgBuuYhCHqxssHy', true, 'Jorge', 'Tomé Pastor', 'tomepastor@gmail.com', 'Guadalajara', 'España', '653212234', false);
INSERT INTO usuarios (id, username, password, enabled, nombre, apellido, email, poblacion, pais, telefono, is_jefe) VALUES (38, 'felix12', '$2a$10$wwoE0B..B/2ySBGtRHAz2OWziNF4isRo8KHuEsl3FOaPd74aX2MqG', true, 'Felix', 'de las Cuevas', 'carbonero45@mixmail.com', 'Villalba', 'España', '660543409', true);
INSERT INTO usuarios (id, username, password, enabled, nombre, apellido, email, poblacion, pais, telefono, is_jefe) VALUES (39, 'marina89', '$2a$10$8xQXNBQIKqqFn4XTSIk6h.VVpKgqcHc8Uvn9WSgOJ.Xjkb8xlRoYi', true, 'Marina', 'Maza Lacruz', 'cruzmarina@hotmail.es', 'Segovia', 'España', '669054654', true);
INSERT INTO usuarios (id, username, password, enabled, nombre, apellido, email, poblacion, pais, telefono, is_jefe) VALUES (40, 'luiggi99', '$2a$10$V5Sc4/CKMbRvtQS4r90YMuRsaSLKFn29X4CFWbnPgDWo1NN03wZem', true, 'Luis Miguel', 'Santamaria', 'luiggi98@mixmail.com', 'Madrid', 'España', '661904567', false);

/*Authorities*/
INSERT INTO authorities (user_id, authority) VALUES (1,'ROLE_ADMIN');
INSERT INTO authorities (user_id, authority) VALUES (2,'ROLE_JEFE');
INSERT INTO authorities (user_id, authority) VALUES (2,'ROLE_USER');
INSERT INTO authorities (user_id, authority) VALUES (3,'ROLE_USER');
INSERT INTO authorities (user_id, authority) VALUES (3,'ROLE_JEFE');
INSERT INTO authorities (user_id, authority) VALUES (4,'ROLE_USER');
INSERT INTO authorities (user_id, authority) VALUES (5,'ROLE_USER');
INSERT INTO authorities (user_id, authority) VALUES (6,'ROLE_USER');
INSERT INTO authorities (user_id, authority) VALUES (7,'ROLE_USER');
INSERT INTO authorities (user_id, authority) VALUES (8,'ROLE_USER');
INSERT INTO authorities (user_id, authority) VALUES (8,'ROLE_JEFE');
INSERT INTO authorities (user_id, authority) VALUES (9,'ROLE_USER');
INSERT INTO authorities (user_id, authority) VALUES (10,'ROLE_USER');
INSERT INTO authorities (user_id, authority) VALUES (11,'ROLE_USER');
INSERT INTO authorities (user_id, authority) VALUES (11,'ROLE_JEFE');
INSERT INTO authorities (user_id, authority) VALUES (12,'ROLE_USER');
INSERT INTO authorities (user_id, authority) VALUES (13,'ROLE_USER');
INSERT INTO authorities (user_id, authority) VALUES (14,'ROLE_JEFE');
INSERT INTO authorities (user_id, authority) VALUES (14,'ROLE_USER');
INSERT INTO authorities (user_id, authority) VALUES (15,'ROLE_USER');
INSERT INTO authorities (user_id, authority) VALUES (15,'ROLE_JEFE');
INSERT INTO authorities (user_id, authority) VALUES (16,'ROLE_USER');
INSERT INTO authorities (user_id, authority) VALUES (17,'ROLE_USER');
INSERT INTO authorities (user_id, authority) VALUES (18,'ROLE_USER');
INSERT INTO authorities (user_id, authority) VALUES (19,'ROLE_USER');
INSERT INTO authorities (user_id, authority) VALUES (20,'ROLE_USER');
INSERT INTO authorities (user_id, authority) VALUES (20,'ROLE_JEFE');
INSERT INTO authorities (user_id, authority) VALUES (21,'ROLE_USER');
INSERT INTO authorities (user_id, authority) VALUES (22,'ROLE_USER');
INSERT INTO authorities (user_id, authority) VALUES (23,'ROLE_USER');
INSERT INTO authorities (user_id, authority) VALUES (23,'ROLE_JEFE');
INSERT INTO authorities (user_id, authority) VALUES (24,'ROLE_USER');
INSERT INTO authorities (user_id, authority) VALUES (25,'ROLE_USER');
INSERT INTO authorities (user_id, authority) VALUES (26,'ROLE_JEFE');
INSERT INTO authorities (user_id, authority) VALUES (26,'ROLE_USER');
INSERT INTO authorities (user_id, authority) VALUES (27,'ROLE_USER');
INSERT INTO authorities (user_id, authority) VALUES (27,'ROLE_JEFE');
INSERT INTO authorities (user_id, authority) VALUES (28,'ROLE_USER');
INSERT INTO authorities (user_id, authority) VALUES (29,'ROLE_USER');
INSERT INTO authorities (user_id, authority) VALUES (30,'ROLE_USER');
INSERT INTO authorities (user_id, authority) VALUES (31,'ROLE_USER');
INSERT INTO authorities (user_id, authority) VALUES (32,'ROLE_USER');
INSERT INTO authorities (user_id, authority) VALUES (32,'ROLE_JEFE');
INSERT INTO authorities (user_id, authority) VALUES (33,'ROLE_USER');
INSERT INTO authorities (user_id, authority) VALUES (34,'ROLE_USER');
INSERT INTO authorities (user_id, authority) VALUES (35,'ROLE_USER');
INSERT INTO authorities (user_id, authority) VALUES (35,'ROLE_JEFE');
INSERT INTO authorities (user_id, authority) VALUES (36,'ROLE_USER');
INSERT INTO authorities (user_id, authority) VALUES (37,'ROLE_USER');
INSERT INTO authorities (user_id, authority) VALUES (38,'ROLE_JEFE');
INSERT INTO authorities (user_id, authority) VALUES (38,'ROLE_USER');
INSERT INTO authorities (user_id, authority) VALUES (39,'ROLE_USER');
INSERT INTO authorities (user_id, authority) VALUES (39,'ROLE_JEFE');
INSERT INTO authorities (user_id, authority) VALUES (40,'ROLE_USER');


/*Salas registradas*/
INSERT INTO salas (id, nombre, aforo, disponible, streaming, wifi, grabacion, megafonia, presentacion, apertura, cierre) VALUES (1, 'Avip1', 5, true, true, true, true, false, false, '10:30', '20:00');
INSERT INTO salas (id, nombre, aforo, disponible, streaming, wifi, grabacion, megafonia, presentacion, apertura, cierre) VALUES (2, 'Aula de informática', 7, true, true, true, true, false, false, '08:00', '15:00');
INSERT INTO salas (id, nombre, aforo, disponible, streaming, wifi, grabacion, megafonia, presentacion, apertura, cierre) VALUES (3, 'Sala magna', 45, true, false, false, true, true, false, '09:00', '20:45');
INSERT INTO salas (id, nombre, aforo, disponible, streaming, wifi, grabacion, megafonia, presentacion, apertura, cierre) VALUES (4, 'Aula de exámenes', 12, true, false, true, true, true, true, '11:00', '21:45');
INSERT INTO salas (id, nombre, aforo, disponible, streaming, wifi, grabacion, megafonia, presentacion, apertura, cierre) VALUES (5, 'Jacinto Verdaguer', 18, true, false, false, true, true, false, '09:30', '21:50');
INSERT INTO salas (id, nombre, aforo, disponible, streaming, wifi, grabacion, megafonia, presentacion, apertura, cierre) VALUES (6, 'Avip2', 10, true, true, true, true, false, false, '09:30', '15:50');
INSERT INTO salas (id, nombre, aforo, disponible, streaming, wifi, grabacion, megafonia, presentacion, apertura, cierre) VALUES (7, 'Sala de lectura', 25, true, false, false, true, true, true, '12:30', '19:30');
INSERT INTO salas (id, nombre, aforo, disponible, streaming, wifi, grabacion, megafonia, presentacion, apertura, cierre) VALUES (8, 'After hours', 35, true, false, false, true, false, true, '00:00', '23:59');
INSERT INTO salas (id, nombre, aforo, disponible, streaming, wifi, grabacion, megafonia, presentacion, apertura, cierre) VALUES (9, 'Avip3', 8, false, true, false, false, true, false, '15:30', '21:35');
INSERT INTO salas (id, nombre, aforo, disponible, streaming, wifi, grabacion, megafonia, presentacion, apertura, cierre) VALUES (10, 'Sala 1899', 10, false, false, true, true, true, false, '09:30', '19:45');
INSERT INTO salas (id, nombre, aforo, disponible, streaming, wifi, grabacion, megafonia, presentacion, apertura, cierre) VALUES (11, 'Sala CRUD', 15, true, true, false, true, false, false, '09:00', '18:35');
INSERT INTO salas (id, nombre, aforo, disponible, streaming, wifi, grabacion, megafonia, presentacion, apertura, cierre) VALUES (12, 'Pío Baroja', 20, true, false, true, true, false, true, '11:30', '21:30');
INSERT INTO salas (id, nombre, aforo, disponible, streaming, wifi, grabacion, megafonia, presentacion, apertura, cierre) VALUES (13, 'Insomnio', 25, true, true, false, false, false, true, '00:20', '08:50');

/*Contactos*/
INSERT INTO contactos (id, alias, email, usuario_id, create_at) VALUES (1,'charles', 'carlosmedina@telefonica.net', 2, '2019-04-18');
INSERT INTO contactos (id, alias, email, usuario_id, create_at) VALUES (2,'casillo', 'casillo@mixmail.com', 2, '2019-04-19');
INSERT INTO contactos (id, alias, email, usuario_id, create_at) VALUES (3,'goonie', 'gbartolo@gmail.com', 2, '2020-04-09');
INSERT INTO contactos (id, alias, email, usuario_id, create_at) VALUES (4,'casildo', 'fabiromero79@omrom.net', 2, '2018-09-20');
INSERT INTO contactos (id, alias, email, usuario_id, create_at) VALUES (5,'caesar', 'cesaralberca@hotmail.es', 4, '2017-03-01');
INSERT INTO contactos (id, alias, email, usuario_id, create_at) VALUES (6,'casillo', 'cabillo@mixmail.com', 4, '2019-07-09');
INSERT INTO contactos (id, alias, email, usuario_id, create_at) VALUES (7,'living91', 'living91@gmail.com', 4, '2017-02-21');
INSERT INTO contactos (id, alias, email, usuario_id, create_at) VALUES (8,'pavi32', 'pavi239@mapei.net', 2, '2018-01-19');
INSERT INTO contactos (id, alias, email, usuario_id, create_at) VALUES (9,'sanabria23', 'davidsanabria23@hotmail.com', 2, '2019-06-20');
INSERT INTO contactos (id, alias, email, usuario_id, create_at) VALUES (10,'serranillo', 'charlysierra@gmail.com', 2, '2019-11-25');
INSERT INTO contactos (id, alias, email, usuario_id, create_at) VALUES (11,'lixben10', 'domingruta@mixmail.com', 2, '2020-03-25');
INSERT INTO contactos (id, alias, email, usuario_id, create_at) VALUES (12,'carrillo', 'carrillopedro@hotmail.com', 2, '2020-04-16');
INSERT INTO contactos (id, alias, email, usuario_id, create_at) VALUES (13,'roger20', 'medinalopez67@orange.com', 2, '2017-12-29');
INSERT INTO contactos (id, alias, email, usuario_id, create_at) VALUES (14,'charles', 'carlosmedina@telefonica.net', 4, '2018-01-30');
INSERT INTO contactos (id, alias, email, usuario_id, create_at) VALUES (15,'perico11', 'pedrobulillas32@masmovil.net', 2, '2020-02-29');
INSERT INTO contactos (id, alias, email, usuario_id, create_at) VALUES (16,'capataz32', 'lorenzofelipe32@gmail.com', 2, '2020-01-31');
INSERT INTO contactos (id, alias, email, usuario_id, create_at) VALUES (17,'capataz32', 'lorenzofelipe32@gmail.com', 4, '2020-02-18');
INSERT INTO contactos (id, alias, email, usuario_id, create_at) VALUES (18,'charles', 'carlosmedina@telefonica.net', 1, '2019-04-18');
INSERT INTO contactos (id, alias, email, usuario_id, create_at) VALUES (19,'casillo', 'casillo@mixmail.com', 1, '2019-04-19');
INSERT INTO contactos (id, alias, email, usuario_id, create_at) VALUES (20,'goonie', 'gbartolo@gmail.com', 1, '2020-04-09');
INSERT INTO contactos (id, alias, email, usuario_id, create_at) VALUES (21,'casildo', 'fabiromero79@omrom.net', 1, '2018-09-20');
INSERT INTO contactos (id, alias, email, usuario_id, create_at) VALUES (22,'caesar', 'cesaralberca@hotmail.es', 1, '2017-03-01');
INSERT INTO contactos (id, alias, email, usuario_id, create_at) VALUES (23,'soriano34', 'lsoria45@ehs.com', 1, '2019-07-09');
INSERT INTO contactos (id, alias, email, usuario_id, create_at) VALUES (24,'living91', 'living91@gmail.com', 1, '2017-02-21');
INSERT INTO contactos (id, alias, email, usuario_id, create_at) VALUES (25,'pavi32', 'gargaman91@mapei.net', 1, '2018-01-19');
INSERT INTO contactos (id, alias, email, usuario_id, create_at) VALUES (26,'sanabria23', 'davidsanabria23@hotmail.com', 1, '2019-06-20');
INSERT INTO contactos (id, alias, email, usuario_id, create_at) VALUES (27,'serranillo', 'charlysierra@gmail.com', 1, '2019-11-25');
INSERT INTO contactos (id, alias, email, usuario_id, create_at) VALUES (28,'lixben10', 'domingruta@mixmail.com', 1, '2020-03-25');
INSERT INTO contactos (id, alias, email, usuario_id, create_at) VALUES (29,'carrillo', 'carrillopedro@hotmail.com', 1, '2020-04-16');
INSERT INTO contactos (id, alias, email, usuario_id, create_at) VALUES (30,'roger20', 'medinalopez67@orange.com', 1, '2017-12-29');
INSERT INTO contactos (id, alias, email, usuario_id, create_at) VALUES (32,'perico11', 'pedrobulillas32@masmovil.net', 1, '2020-02-29');
INSERT INTO contactos (id, alias, email, usuario_id, create_at) VALUES (33,'capataz32', 'lorenzofelipe32@gmail.com', 1, '2020-01-31');
INSERT INTO contactos (id, alias, email, usuario_id, create_at) VALUES (34,'lochte', 'ryanlochte@telefonica.net', 3, '2020-03-25');
INSERT INTO contactos (id, alias, email, usuario_id, create_at) VALUES (35,'phelps', 'phelps28@mixmail.com', 3, '2020-04-19');
INSERT INTO contactos (id, alias, email, usuario_id, create_at) VALUES (36,'clary', 'clary23@gmail.com', 3, '2019-09-09');
INSERT INTO contactos (id, alias, email, usuario_id, create_at) VALUES (37,'casildo', 'fabiromero79@omrom.net', 3, '2018-09-20');
INSERT INTO contactos (id, alias, email, usuario_id, create_at) VALUES (38,'caesar', 'cesaralberca@hotmail.es', 3, '2017-03-01');
INSERT INTO contactos (id, alias, email, usuario_id, create_at) VALUES (39,'casillo', 'casillo@mixmail.com', 3, '2019-07-09');
INSERT INTO contactos (id, alias, email, usuario_id, create_at) VALUES (40,'living91', 'living91@gmail.com', 3, '2017-02-21');
INSERT INTO contactos (id, alias, email, usuario_id, create_at) VALUES (41,'pavi32', 'gargaman91@mapei.net', 3, '2018-01-19');
INSERT INTO contactos (id, alias, email, usuario_id, create_at) VALUES (42,'sanabria23', 'davidsanabria23@hotmail.com', 3, '2019-06-20');
INSERT INTO contactos (id, alias, email, usuario_id, create_at) VALUES (43,'serranillo', 'charlysierra@gmail.com', 3, '2019-11-25');
INSERT INTO contactos (id, alias, email, usuario_id, create_at) VALUES (44,'lixben10', 'domingruta@mixmail.com', 3, '2020-03-25');
INSERT INTO contactos (id, alias, email, usuario_id, create_at) VALUES (45,'carrillo', 'carrillopedro@hotmail.com', 3, '2020-04-16');
INSERT INTO contactos (id, alias, email, usuario_id, create_at) VALUES (46,'roger20', 'medinalopez67@orange.com', 3, '2017-12-29');
INSERT INTO contactos (id, alias, email, usuario_id, create_at) VALUES (47,'charles', 'carlosmedina@telefonica.net', 3, '2018-01-30');
INSERT INTO contactos (id, alias, email, usuario_id, create_at) VALUES (48,'perico11', 'pedrobulillas32@masmovil.net', 3, '2020-02-29');
INSERT INTO contactos (id, alias, email, usuario_id, create_at) VALUES (49,'capataz32', 'lorenzofelipe32@gmail.com', 3, '2020-01-31');
INSERT INTO contactos (id, alias, email, usuario_id, create_at) VALUES (50,'mojito', 'mojito4332@gmail.com', 3, '2020-01-24');
INSERT INTO contactos (id, alias, email, usuario_id, create_at) VALUES (51,'caesar', 'cesaralberca@hotmail.es', 5, '2017-03-01');
INSERT INTO contactos (id, alias, email, usuario_id, create_at) VALUES (52,'casillo', 'casillo@mixmail.com', 5, '2019-07-09');
INSERT INTO contactos (id, alias, email, usuario_id, create_at) VALUES (53,'living91', 'living91@gmail.com', 5, '2017-02-21');
INSERT INTO contactos (id, alias, email, usuario_id, create_at) VALUES (54,'pavi32', 'gargaman@mapei.net', 5, '2018-01-19');
INSERT INTO contactos (id, alias, email, usuario_id, create_at) VALUES (55,'sanabria23', 'davidsanabria23@hotmail.com', 5, '2019-06-20');
INSERT INTO contactos (id, alias, email, usuario_id, create_at) VALUES (56,'serranillo', 'charlysierra@gmail.com', 5, '2019-11-25');
INSERT INTO contactos (id, alias, email, usuario_id, create_at) VALUES (57,'lixben10', 'domingruta@mixmail.com', 5, '2020-03-25');
INSERT INTO contactos (id, alias, email, usuario_id, create_at) VALUES (58,'carrillo', 'carrillopedro@hotmail.com', 5, '2020-04-16');
INSERT INTO contactos (id, alias, email, usuario_id, create_at) VALUES (59,'roger20', 'medinalopez67@orange.com', 5, '2017-12-29');
INSERT INTO contactos (id, alias, email, usuario_id, create_at) VALUES (60,'charles', 'carlosmedina@telefonica.net', 5, '2018-01-30');
INSERT INTO contactos (id, alias, email, usuario_id, create_at) VALUES (61,'perico11', 'pedrobulillas32@masmovil.net', 5, '2020-02-29');
INSERT INTO contactos (id, alias, email, usuario_id, create_at) VALUES (62,'capataz32', 'lorenzofelipe32@gmail.com', 5, '2020-01-31');
INSERT INTO contactos (id, alias, email, usuario_id, create_at) VALUES (63,'capataz32', 'lorenzofelipe32@gmail.com', 6, '2020-01-31');
INSERT INTO contactos (id, alias, email, usuario_id, create_at) VALUES (64,'colax', 'colax222@gmail.com', 6, '2020-01-07');
INSERT INTO contactos (id, alias, email, usuario_id, create_at) VALUES (65,'charles', 'carlosmedina@telefonica.net', 7, '2019-04-18');
INSERT INTO contactos (id, alias, email, usuario_id, create_at) VALUES (66,'casillo', 'casillo@mixmail.com', 7, '2019-04-19');
INSERT INTO contactos (id, alias, email, usuario_id, create_at) VALUES (67,'goonie', 'gbartolo@gmail.com', 7, '2020-04-09');
INSERT INTO contactos (id, alias, email, usuario_id, create_at) VALUES (68,'casildo', 'fabiromero79@omrom.net', 7, '2018-09-20');
INSERT INTO contactos (id, alias, email, usuario_id, create_at) VALUES (69,'caesar', 'cesaralberca@hotmail.es', 7, '2017-03-01');
INSERT INTO contactos (id, alias, email, usuario_id, create_at) VALUES (70,'aloha13', 'roquelopez43@google.com', 7, '2019-07-09');
INSERT INTO contactos (id, alias, email, usuario_id, create_at) VALUES (71,'living91', 'living91@gmail.com', 7, '2017-02-21');
INSERT INTO contactos (id, alias, email, usuario_id, create_at) VALUES (72,'pavino', 'gargantiel91@mapei.net', 7, '2018-01-19');
INSERT INTO contactos (id, alias, email, usuario_id, create_at) VALUES (73,'sanabria23', 'davidsanabria23@hotmail.com', 7, '2019-06-20');
INSERT INTO contactos (id, alias, email, usuario_id, create_at) VALUES (74,'serranillo', 'charlysierra@gmail.com', 7, '2019-11-25');
INSERT INTO contactos (id, alias, email, usuario_id, create_at) VALUES (75,'lixben10', 'domingruta@mixmail.com', 7, '2020-03-25');
INSERT INTO contactos (id, alias, email, usuario_id, create_at) VALUES (76,'carrillo', 'carrillopedro@hotmail.com', 7, '2020-04-16');
INSERT INTO contactos (id, alias, email, usuario_id, create_at) VALUES (77,'roger20', 'medinalopez67@orange.com', 7, '2017-12-29');
INSERT INTO contactos (id, alias, email, usuario_id, create_at) VALUES (78,'perico11', 'pedrobulillas32@masmovil.net', 7, '2020-02-29');
INSERT INTO contactos (id, alias, email, usuario_id, create_at) VALUES (79,'capataz32', 'lorenzofelipe32@gmail.com', 7, '2020-01-31');
INSERT INTO contactos (id, alias, email, usuario_id, create_at) VALUES (80,'chuchina', 'chuchina@telefonica.net', 8, '2020-04-19');
INSERT INTO contactos (id, alias, email, usuario_id, create_at) VALUES (81,'casillo', 'casillo@mixmail.com', 8, '2019-04-19');
INSERT INTO contactos (id, alias, email, usuario_id, create_at) VALUES (82,'goonie', 'gbartolo@gmail.com', 8, '2020-04-09');
INSERT INTO contactos (id, alias, email, usuario_id, create_at) VALUES (83,'casildo', 'fabiromero79@omrom.net', 8, '2018-09-20');
INSERT INTO contactos (id, alias, email, usuario_id, create_at) VALUES (84,'caesar', 'cesaralberca@hotmail.es', 8, '2017-03-01');
INSERT INTO contactos (id, alias, email, usuario_id, create_at) VALUES (85,'shooter', 'microdenas@yahoo.com', 8, '2019-07-09');
INSERT INTO contactos (id, alias, email, usuario_id, create_at) VALUES (86,'living91', 'living91@gmail.com', 8, '2017-02-21');
INSERT INTO contactos (id, alias, email, usuario_id, create_at) VALUES (87,'pavi32', 'gargaman91@mapei.net', 8, '2018-01-19');
INSERT INTO contactos (id, alias, email, usuario_id, create_at) VALUES (88,'sanabria23', 'davidsanabria23@hotmail.com', 8, '2019-06-20');
INSERT INTO contactos (id, alias, email, usuario_id, create_at) VALUES (89,'serranillo', 'charlysierra@gmail.com', 8, '2019-11-25');
INSERT INTO contactos (id, alias, email, usuario_id, create_at) VALUES (90,'lixben10', 'domingruta@mixmail.com', 8, '2020-03-25');
INSERT INTO contactos (id, alias, email, usuario_id, create_at) VALUES (91,'carrillo', 'carrillopedro@hotmail.com', 8, '2020-04-16');
INSERT INTO contactos (id, alias, email, usuario_id, create_at) VALUES (92,'roger20', 'medinalopez67@orange.com', 8, '2017-12-29');
INSERT INTO contactos (id, alias, email, usuario_id, create_at) VALUES (93,'charles', 'carlosmedina@telefonica.net', 8, '2018-01-30');
INSERT INTO contactos (id, alias, email, usuario_id, create_at) VALUES (94,'perico11', 'pedrobulillas32@masmovil.net', 8, '2020-02-29');
INSERT INTO contactos (id, alias, email, usuario_id, create_at) VALUES (95,'capataz32', 'lorenzofelipe32@gmail.com', 8, '2020-01-31');
INSERT INTO contactos (id, alias, email, usuario_id, create_at) VALUES (96,'felipon65', 'felipon65@gmail.com', 8, '2020-03-18');
INSERT INTO contactos (id, alias, email, usuario_id, create_at) VALUES (97,'charles', 'carlosmedina@telefonica.net', 9, '2019-04-18');
INSERT INTO contactos (id, alias, email, usuario_id, create_at) VALUES (98,'casillo', 'casillo@mixmail.com', 9, '2019-04-19');
INSERT INTO contactos (id, alias, email, usuario_id, create_at) VALUES (99,'charles', 'carlosmedina@telefonica.net', 10, '2019-04-18');
INSERT INTO contactos (id, alias, email, usuario_id, create_at) VALUES (100,'casillo', 'casillo@mixmail.com', 10, '2019-04-19');
INSERT INTO contactos (id, alias, email, usuario_id, create_at) VALUES (101,'goonie', 'gbartolo@gmail.com', 10, '2020-04-09');
INSERT INTO contactos (id, alias, email, usuario_id, create_at) VALUES (102,'casildo', 'fabiromero79@omrom.net', 10, '2018-09-20');
INSERT INTO contactos (id, alias, email, usuario_id, create_at) VALUES (103,'charles', 'carlosmedina@telefonica.net', 11, '2019-04-18');
INSERT INTO contactos (id, alias, email, usuario_id, create_at) VALUES (104,'casillo', 'casillo@mixmail.com', 11, '2019-04-19');
INSERT INTO contactos (id, alias, email, usuario_id, create_at) VALUES (105,'goonie', 'gbartolo@gmail.com', 11, '2020-04-09');
INSERT INTO contactos (id, alias, email, usuario_id, create_at) VALUES (106,'casildo', 'fabiromero79@omrom.net', 11, '2018-09-20');
INSERT INTO contactos (id, alias, email, usuario_id, create_at) VALUES (107,'caesar', 'cesaralberca@hotmail.es', 11, '2017-03-01');
INSERT INTO contactos (id, alias, email, usuario_id, create_at) VALUES (108,'frizt', 'tylerfritz@gmail.com', 11, '2019-07-09');
INSERT INTO contactos (id, alias, email, usuario_id, create_at) VALUES (109,'living91', 'living91@gmail.com', 11, '2017-02-21');
INSERT INTO contactos (id, alias, email, usuario_id, create_at) VALUES (110,'pavi32', 'gargaman91@mapei.net', 11, '2018-01-19');
INSERT INTO contactos (id, alias, email, usuario_id, create_at) VALUES (111,'sanabria23', 'davidsanabria23@hotmail.com', 11, '2019-06-20');
INSERT INTO contactos (id, alias, email, usuario_id, create_at) VALUES (112,'serranillo', 'charlysierra@gmail.com', 11, '2019-11-25');
INSERT INTO contactos (id, alias, email, usuario_id, create_at) VALUES (113,'lixben10', 'domingruta@mixmail.com', 11, '2020-03-25');
INSERT INTO contactos (id, alias, email, usuario_id, create_at) VALUES (114,'carrillo', 'carrillopedro@hotmail.com', 11, '2020-04-16');
INSERT INTO contactos (id, alias, email, usuario_id, create_at) VALUES (115,'roger20', 'medinalopez67@orange.com', 11, '2017-12-29');
INSERT INTO contactos (id, alias, email, usuario_id, create_at) VALUES (116,'mojito', 'mojito34@telefonica.net', 11, '2019-03-10');
INSERT INTO contactos (id, alias, email, usuario_id, create_at) VALUES (117,'perico11', 'pedrobulillas32@masmovil.net', 11, '2020-02-29');
INSERT INTO contactos (id, alias, email, usuario_id, create_at) VALUES (118,'capataz32', 'lorenzofelipe32@gmail.com', 11, '2020-01-31');
INSERT INTO contactos (id, alias, email, usuario_id, create_at) VALUES (119,'juli99', 'juli9952@gmail.com', 11, '2019-12-23');
INSERT INTO contactos (id, alias, email, usuario_id, create_at) VALUES (120,'charles', 'carlosmedina@telefonica.net', 12, '2019-04-18');
INSERT INTO contactos (id, alias, email, usuario_id, create_at) VALUES (121,'casillo', 'casillo@mixmail.com', 12, '2019-04-19');
INSERT INTO contactos (id, alias, email, usuario_id, create_at) VALUES (122,'goonie', 'gbartolo@gmail.com', 12, '2020-04-09');
INSERT INTO contactos (id, alias, email, usuario_id, create_at) VALUES (123,'casildo', 'fabiromero79@omrom.net', 12, '2018-09-20');
INSERT INTO contactos (id, alias, email, usuario_id, create_at) VALUES (124,'pavi32', 'gargaman@mapei.net', 13, '2018-01-19');
INSERT INTO contactos (id, alias, email, usuario_id, create_at) VALUES (125,'sanabria23', 'davidsanabria23@hotmail.com', 13, '2019-06-20');
INSERT INTO contactos (id, alias, email, usuario_id, create_at) VALUES (126,'serranillo', 'charlysierra@gmail.com', 13, '2019-11-25');
INSERT INTO contactos (id, alias, email, usuario_id, create_at) VALUES (127,'lixben10', 'domingruta@mixmail.com', 13, '2020-03-25');
INSERT INTO contactos (id, alias, email, usuario_id, create_at) VALUES (128,'carrillo', 'carrillopedro@hotmail.com', 13, '2020-04-16');
INSERT INTO contactos (id, alias, email, usuario_id, create_at) VALUES (129,'roger20', 'medinalopez67@orange.com', 13, '2017-12-29');
INSERT INTO contactos (id, alias, email, usuario_id, create_at) VALUES (130,'charles', 'carlosmedina@telefonica.net', 14, '2019-04-18');
INSERT INTO contactos (id, alias, email, usuario_id, create_at) VALUES (131,'casillo', 'casillo@mixmail.com', 14, '2019-04-19');
INSERT INTO contactos (id, alias, email, usuario_id, create_at) VALUES (132,'goonie', 'gbartolo@gmail.com', 14, '2020-04-09');
INSERT INTO contactos (id, alias, email, usuario_id, create_at) VALUES (133,'casildo', 'fabiromero79@omrom.net', 14, '2018-09-20');
INSERT INTO contactos (id, alias, email, usuario_id, create_at) VALUES (134,'caesar', 'cesaralberca@hotmail.es', 14, '2017-03-01');
INSERT INTO contactos (id, alias, email, usuario_id, create_at) VALUES (135,'marquez4', 'mmartin34@gmail.com', 14, '2019-07-09');
INSERT INTO contactos (id, alias, email, usuario_id, create_at) VALUES (136,'living91', 'living91@gmail.com', 14, '2017-02-21');
INSERT INTO contactos (id, alias, email, usuario_id, create_at) VALUES (137,'pavi32', 'gargaman91@mapei.net', 14, '2018-01-19');
INSERT INTO contactos (id, alias, email, usuario_id, create_at) VALUES (138,'sanabria23', 'davidsanabria23@hotmail.com', 14, '2019-06-20');
INSERT INTO contactos (id, alias, email, usuario_id, create_at) VALUES (139,'serranillo', 'charlysierra@gmail.com', 14, '2019-11-25');
INSERT INTO contactos (id, alias, email, usuario_id, create_at) VALUES (140,'charles', 'carlosmedina@telefonica.net', 15, '2019-04-18');
INSERT INTO contactos (id, alias, email, usuario_id, create_at) VALUES (141,'casillo', 'casillo@mixmail.com', 15, '2019-04-19');
INSERT INTO contactos (id, alias, email, usuario_id, create_at) VALUES (142,'goonie', 'gbartolo@gmail.com', 15, '2020-04-09');
INSERT INTO contactos (id, alias, email, usuario_id, create_at) VALUES (143,'casildo', 'fabiromero79@omrom.net', 15, '2018-09-20');
INSERT INTO contactos (id, alias, email, usuario_id, create_at) VALUES (144,'caesar', 'cesaralberca@hotmail.es', 15, '2017-03-01');
INSERT INTO contactos (id, alias, email, usuario_id, create_at) VALUES (145,'ari89', 'ariostea321@hotmail.com', 15, '2019-07-09');
INSERT INTO contactos (id, alias, email, usuario_id, create_at) VALUES (146,'living91', 'living91@gmail.com', 15, '2017-02-21');
INSERT INTO contactos (id, alias, email, usuario_id, create_at) VALUES (147,'pavi32', 'gargaman91@mapei.net', 15, '2018-01-19');
INSERT INTO contactos (id, alias, email, usuario_id, create_at) VALUES (148,'sanabria23', 'davidsanabria23@hotmail.com', 15, '2019-06-20');
INSERT INTO contactos (id, alias, email, usuario_id, create_at) VALUES (149,'charles', 'carlosmedina@telefonica.net', 16, '2019-04-18');
INSERT INTO contactos (id, alias, email, usuario_id, create_at) VALUES (150,'serranillo', 'charlysierra@gmail.com', 17, '2019-11-25');
INSERT INTO contactos (id, alias, email, usuario_id, create_at) VALUES (151,'lixben10', 'domingruta@mixmail.com', 17, '2020-03-25');
INSERT INTO contactos (id, alias, email, usuario_id, create_at) VALUES (152,'carrillo', 'carrillopedro@hotmail.com', 17, '2020-04-16');
INSERT INTO contactos (id, alias, email, usuario_id, create_at) VALUES (153,'roger20', 'medinalopez67@orange.com', 17, '2017-12-29');
INSERT INTO contactos (id, alias, email, usuario_id, create_at) VALUES (154,'charles', 'carlosmedina@telefonica.net', 17, '2018-01-30');
INSERT INTO contactos (id, alias, email, usuario_id, create_at) VALUES (155,'perico11', 'pedrobulillas32@masmovil.net', 17, '2020-02-29');
INSERT INTO contactos (id, alias, email, usuario_id, create_at) VALUES (156,'capataz32', 'lorenzofelipe32@gmail.com', 17, '2020-01-31');
INSERT INTO contactos (id, alias, email, usuario_id, create_at) VALUES (157,'charles', 'carlosmedina@telefonica.net', 18, '2019-04-18');
INSERT INTO contactos (id, alias, email, usuario_id, create_at) VALUES (158,'casillo', 'casillo@mixmail.com', 18, '2019-04-19');
INSERT INTO contactos (id, alias, email, usuario_id, create_at) VALUES (159,'casillo', 'casillo@mixmail.com', 19, '2019-07-09');
INSERT INTO contactos (id, alias, email, usuario_id, create_at) VALUES (160,'living91', 'living91@gmail.com', 19, '2017-02-21');
INSERT INTO contactos (id, alias, email, usuario_id, create_at) VALUES (161,'pavi32', 'gargaman91@mapei.net', 19, '2018-01-19');
INSERT INTO contactos (id, alias, email, usuario_id, create_at) VALUES (162,'sanabria23', 'davidsanabria23@hotmail.com', 19, '2019-06-20');
INSERT INTO contactos (id, alias, email, usuario_id, create_at) VALUES (163,'serranillo', 'charlysierra@gmail.com', 19, '2019-11-25');
INSERT INTO contactos (id, alias, email, usuario_id, create_at) VALUES (164,'lixben10', 'domingruta@mixmail.com', 19, '2020-03-25');
INSERT INTO contactos (id, alias, email, usuario_id, create_at) VALUES (165,'carrillo', 'carrillopedro@hotmail.com', 19, '2020-04-16');
INSERT INTO contactos (id, alias, email, usuario_id, create_at) VALUES (166,'perico11', 'pedrobulillas32@masmovil.net', 19, '2020-02-29');
INSERT INTO contactos (id, alias, email, usuario_id, create_at) VALUES (167,'capataz32', 'lorenzofelipe32@gmail.com', 19, '2020-01-31');
INSERT INTO contactos (id, alias, email, usuario_id, create_at) VALUES (168,'living91', 'living91@gmail.com', 20, '2017-02-21');
INSERT INTO contactos (id, alias, email, usuario_id, create_at) VALUES (169,'pavi32', 'garganman91@mapei.net', 20, '2018-01-19');
INSERT INTO contactos (id, alias, email, usuario_id, create_at) VALUES (170,'sanabria23', 'davidsanabria23@hotmail.com', 20, '2019-06-20');
INSERT INTO contactos (id, alias, email, usuario_id, create_at) VALUES (171,'serranillo', 'charlysierra@gmail.com', 20, '2019-11-25');
INSERT INTO contactos (id, alias, email, usuario_id, create_at) VALUES (172,'lixben10', 'domingruta@mixmail.com', 20, '2020-03-25');
INSERT INTO contactos (id, alias, email, usuario_id, create_at) VALUES (173,'carrillo', 'carrillopedro@hotmail.com', 20, '2020-04-16');
INSERT INTO contactos (id, alias, email, usuario_id, create_at) VALUES (174,'roger20', 'medinalopez67@orange.com', 20, '2017-12-29');
INSERT INTO contactos (id, alias, email, usuario_id, create_at) VALUES (175,'charles', 'carlosmedina@telefonica.net', 20, '2018-01-30');
INSERT INTO contactos (id, alias, email, usuario_id, create_at) VALUES (176,'perico11', 'pedrobulillas32@masmovil.net', 20, '2020-02-29');
INSERT INTO contactos (id, alias, email, usuario_id, create_at) VALUES (177,'capataz32', 'lorenzofelipe32@gmail.com', 20, '2020-01-31');
INSERT INTO contactos (id, alias, email, usuario_id, create_at) VALUES (178,'caesar', 'cesaralberca@hotmail.es', 21, '2017-03-01');
INSERT INTO contactos (id, alias, email, usuario_id, create_at) VALUES (179,'casillo', 'casillo@mixmail.com', 21, '2019-07-09');
INSERT INTO contactos (id, alias, email, usuario_id, create_at) VALUES (180,'living91', 'living91@gmail.com', 21, '2017-02-21');
INSERT INTO contactos (id, alias, email, usuario_id, create_at) VALUES (181,'charles', 'carlosmedina@telefonica.net', 22, '2019-04-18');
INSERT INTO contactos (id, alias, email, usuario_id, create_at) VALUES (182,'casillo', 'casllo@mixmail.com', 22, '2019-04-19');
INSERT INTO contactos (id, alias, email, usuario_id, create_at) VALUES (183,'casillo', 'casllo@mixmail.com', 23, '2019-04-19');
INSERT INTO contactos (id, alias, email, usuario_id, create_at) VALUES (184,'goonie', 'gbartolo@gmail.com', 23, '2020-04-09');
INSERT INTO contactos (id, alias, email, usuario_id, create_at) VALUES (185,'casildo', 'fabiromero79@omrom.net', 23, '2018-09-20');
INSERT INTO contactos (id, alias, email, usuario_id, create_at) VALUES (186,'caesar', 'cesaralberca@hotmail.es', 23, '2017-03-01');
INSERT INTO contactos (id, alias, email, usuario_id, create_at) VALUES (187,'lucil', 'demorty45@gmail.com', 23, '2019-07-09');
INSERT INTO contactos (id, alias, email, usuario_id, create_at) VALUES (188,'living91', 'living91@gmail.com', 23, '2017-02-21');
INSERT INTO contactos (id, alias, email, usuario_id, create_at) VALUES (189,'pavi32', 'gargaman91@mapei.net', 23, '2018-01-19');
INSERT INTO contactos (id, alias, email, usuario_id, create_at) VALUES (190,'sanabria23', 'davidsanabria23@hotmail.com', 23, '2019-06-20');
INSERT INTO contactos (id, alias, email, usuario_id, create_at) VALUES (191,'serranillo', 'charlysierra@gmail.com', 23, '2019-11-25');
INSERT INTO contactos (id, alias, email, usuario_id, create_at) VALUES (192,'lixben10', 'domingruta@mixmail.com', 23, '2020-03-25');
INSERT INTO contactos (id, alias, email, usuario_id, create_at) VALUES (193,'carrillo', 'carrillopedro@hotmail.com', 23, '2020-04-16');
INSERT INTO contactos (id, alias, email, usuario_id, create_at) VALUES (194,'roger20', 'medinalopez67@orange.com', 23, '2017-12-29');
INSERT INTO contactos (id, alias, email, usuario_id, create_at) VALUES (195,'charles', 'carlosmedina@telefonica.net', 23, '2018-01-30');
INSERT INTO contactos (id, alias, email, usuario_id, create_at) VALUES (196,'perico11', 'pedrobulillas32@masmovil.net', 23, '2020-02-29');
INSERT INTO contactos (id, alias, email, usuario_id, create_at) VALUES (197,'capataz32', 'lorenzofelipe32@gmail.com', 23, '2020-01-31');
INSERT INTO contactos (id, alias, email, usuario_id, create_at) VALUES (198,'living91', 'living91@gmail.com', 24, '2017-02-21');
INSERT INTO contactos (id, alias, email, usuario_id, create_at) VALUES (199,'pavi32', 'gargaman91@mapei.net', 24, '2018-01-19');
INSERT INTO contactos (id, alias, email, usuario_id, create_at) VALUES (200,'sanabria23', 'davidsanabria23@hotmail.com', 24, '2019-06-20');
INSERT INTO contactos (id, alias, email, usuario_id, create_at) VALUES (201,'serranillo', 'charlysierra@gmail.com', 24, '2019-11-25');
INSERT INTO contactos (id, alias, email, usuario_id, create_at) VALUES (202,'lixben10', 'domingruta@mixmail.com', 24, '2020-03-25');
INSERT INTO contactos (id, alias, email, usuario_id, create_at) VALUES (203,'carrillo', 'carrillopedro@hotmail.com', 24, '2020-04-16');
INSERT INTO contactos (id, alias, email, usuario_id, create_at) VALUES (204,'charles', 'carlosmedina@telefonica.net', 25, '2019-04-18');
INSERT INTO contactos (id, alias, email, usuario_id, create_at) VALUES (205,'goonie', 'gbartolo@gmail.com', 26, '2020-04-09');
INSERT INTO contactos (id, alias, email, usuario_id, create_at) VALUES (206,'casildo', 'fabiromero79@omrom.net', 26, '2018-09-20');
INSERT INTO contactos (id, alias, email, usuario_id, create_at) VALUES (207,'caesar', 'cesaralberca@hotmail.es', 26, '2017-03-01');
INSERT INTO contactos (id, alias, email, usuario_id, create_at) VALUES (208,'casillo', 'casillo@mixmail.com', 26, '2019-07-09');
INSERT INTO contactos (id, alias, email, usuario_id, create_at) VALUES (209,'living91', 'living91@gmail.com', 26, '2017-02-21');
INSERT INTO contactos (id, alias, email, usuario_id, create_at) VALUES (210,'pavi32', 'gargaman91@mapei.net', 26, '2018-01-19');
INSERT INTO contactos (id, alias, email, usuario_id, create_at) VALUES (211,'sanabria23', 'davidsanabria23@hotmail.com', 26, '2019-06-20');
INSERT INTO contactos (id, alias, email, usuario_id, create_at) VALUES (212,'serranillo', 'charlysierra@gmail.com', 26, '2019-11-25');
INSERT INTO contactos (id, alias, email, usuario_id, create_at) VALUES (213,'lixben10', 'domingruta@mixmail.com', 26, '2020-03-25');
INSERT INTO contactos (id, alias, email, usuario_id, create_at) VALUES (214,'carrillo', 'carrillopedro@hotmail.com', 26, '2020-04-16');
INSERT INTO contactos (id, alias, email, usuario_id, create_at) VALUES (215,'pavi32', 'gargaman91@mapei.net', 27, '2018-01-19');
INSERT INTO contactos (id, alias, email, usuario_id, create_at) VALUES (216,'sanabria23', 'davidsanabria23@hotmail.com', 27, '2019-06-20');
INSERT INTO contactos (id, alias, email, usuario_id, create_at) VALUES (217,'charles', 'carlosmedina@telefonica.net', 28, '2019-04-18');
INSERT INTO contactos (id, alias, email, usuario_id, create_at) VALUES (218,'casillo', 'casllo@mixmail.com', 28, '2019-04-19');
INSERT INTO contactos (id, alias, email, usuario_id, create_at) VALUES (219,'goonie', 'gbartolo@gmail.com', 28, '2020-04-09');
INSERT INTO contactos (id, alias, email, usuario_id, create_at) VALUES (220,'casildo', 'fabiromero79@omrom.net', 28, '2018-09-20');
INSERT INTO contactos (id, alias, email, usuario_id, create_at) VALUES (221,'capataz32', 'lorenzofelipe32@gmail.com', 28, '2020-02-18');
INSERT INTO contactos (id, alias, email, usuario_id, create_at) VALUES (222,'charles', 'carlosmedina@telefonica.net', 29, '2019-04-18');
INSERT INTO contactos (id, alias, email, usuario_id, create_at) VALUES (223,'casllo', 'casillo@mixmail.com', 29, '2019-04-19');
INSERT INTO contactos (id, alias, email, usuario_id, create_at) VALUES (224,'capataz32', 'lorenzofelipe32@gmail.com', 29, '2020-02-18');
INSERT INTO contactos (id, alias, email, usuario_id, create_at) VALUES (225,'serranillo', 'charlysierra@gmail.com', 30, '2019-11-25');
INSERT INTO contactos (id, alias, email, usuario_id, create_at) VALUES (226,'lixben10', 'domingruta@mixmail.com', 30, '2020-03-25');
INSERT INTO contactos (id, alias, email, usuario_id, create_at) VALUES (227,'carrillo', 'carrillopedro@hotmail.com', 30, '2020-04-16');
INSERT INTO contactos (id, alias, email, usuario_id, create_at) VALUES (228,'roger20', 'medinalopez67@orange.com', 30, '2017-12-29');
INSERT INTO contactos (id, alias, email, usuario_id, create_at) VALUES (229,'charles', 'carlosmedina@telefonica.net', 30, '2018-01-30');
INSERT INTO contactos (id, alias, email, usuario_id, create_at) VALUES (230,'perico11', 'pedrobulillas32@masmovil.net', 30, '2020-02-29');
INSERT INTO contactos (id, alias, email, usuario_id, create_at) VALUES (231,'capataz32', 'lorenzofelipe32@gmail.com', 30, '2020-01-31');
INSERT INTO contactos (id, alias, email, usuario_id, create_at) VALUES (232,'charles', 'carlosmedina@telefonica.net', 31, '2019-04-18');
INSERT INTO contactos (id, alias, email, usuario_id, create_at) VALUES (233,'capataz32', 'lorenzofelipe32@gmail.com', 31, '2020-02-18');
INSERT INTO contactos (id, alias, email, usuario_id, create_at) VALUES (234,'caesar', 'cesaralberca@hotmail.es', 32, '2017-03-01');
INSERT INTO contactos (id, alias, email, usuario_id, create_at) VALUES (235,'casllo', 'casillo@mixmail.com', 32, '2019-07-09');
INSERT INTO contactos (id, alias, email, usuario_id, create_at) VALUES (236,'living91', 'living91@gmail.com', 32, '2017-02-21');
INSERT INTO contactos (id, alias, email, usuario_id, create_at) VALUES (237,'pavi32', 'gargaman91@mapei.net', 32, '2018-01-19');
INSERT INTO contactos (id, alias, email, usuario_id, create_at) VALUES (238,'sanabria23', 'davidsanabria23@hotmail.com', 32, '2019-06-20');
INSERT INTO contactos (id, alias, email, usuario_id, create_at) VALUES (239,'serranillo', 'charlysierra@gmail.com', 32, '2019-11-25');
INSERT INTO contactos (id, alias, email, usuario_id, create_at) VALUES (240,'lixben10', 'domingruta@mixmail.com', 32, '2020-03-25');
INSERT INTO contactos (id, alias, email, usuario_id, create_at) VALUES (241,'carrillo', 'carrillopedro@hotmail.com', 32, '2020-04-16');
INSERT INTO contactos (id, alias, email, usuario_id, create_at) VALUES (242,'roger20', 'medinalopez67@orange.com', 32, '2017-12-29');
INSERT INTO contactos (id, alias, email, usuario_id, create_at) VALUES (243,'charles', 'carlosmedina@telefonica.net', 32, '2018-01-30');
INSERT INTO contactos (id, alias, email, usuario_id, create_at) VALUES (244,'perico11', 'pedrobulillas32@masmovil.net', 32, '2020-02-29');
INSERT INTO contactos (id, alias, email, usuario_id, create_at) VALUES (245,'capataz32', 'lorenzofelipe32@gmail.com', 32, '2020-01-31');
INSERT INTO contactos (id, alias, email, usuario_id, create_at) VALUES (246,'charles', 'carlosmedina@telefonica.net', 33, '2019-04-18');
INSERT INTO contactos (id, alias, email, usuario_id, create_at) VALUES (247,'casllo', 'casillo@mixmail.com', 33, '2019-04-19');
INSERT INTO contactos (id, alias, email, usuario_id, create_at) VALUES (248,'goonie', 'gbartolo@gmail.com', 33, '2020-04-09');
INSERT INTO contactos (id, alias, email, usuario_id, create_at) VALUES (249,'charles', 'carlosmedina@telefonica.net', 34, '2019-04-18');
INSERT INTO contactos (id, alias, email, usuario_id, create_at) VALUES (250,'casllo', 'casllo@mixmail.com', 34, '2019-04-19');
INSERT INTO contactos (id, alias, email, usuario_id, create_at) VALUES (251,'goonie', 'gbartolo@gmail.com', 34, '2020-04-09');
INSERT INTO contactos (id, alias, email, usuario_id, create_at) VALUES (252,'casildo', 'fabiromero79@omrom.net', 34, '2018-09-20');
INSERT INTO contactos (id, alias, email, usuario_id, create_at) VALUES (253,'caesar', 'cesaralberca@hotmail.es', 34, '2017-03-01');
INSERT INTO contactos (id, alias, email, usuario_id, create_at) VALUES (254,'nole', 'noletime@hotmail.com', 34, '2019-07-09');
INSERT INTO contactos (id, alias, email, usuario_id, create_at) VALUES (255,'living91', 'living91@gmail.com', 34, '2017-02-21');
INSERT INTO contactos (id, alias, email, usuario_id, create_at) VALUES (256,'pavi32', 'gargaman91@mapei.net', 34, '2018-01-19');
INSERT INTO contactos (id, alias, email, usuario_id, create_at) VALUES (257,'sanabria23', 'davidsanabria23@hotmail.com', 34, '2019-06-20');
INSERT INTO contactos (id, alias, email, usuario_id, create_at) VALUES (258,'charles', 'carlosmedina@telefonica.net', 35, '2019-04-18');
INSERT INTO contactos (id, alias, email, usuario_id, create_at) VALUES (259,'casillo', 'casillo@mixmail.com', 35, '2019-04-19');
INSERT INTO contactos (id, alias, email, usuario_id, create_at) VALUES (260,'capataz32', 'lorenzofelipe32@gmail.com', 35, '2020-02-18');
INSERT INTO contactos (id, alias, email, usuario_id, create_at) VALUES (261,'perico11', 'pedrobulillas32@masmovil.net', 36, '2020-02-29');
INSERT INTO contactos (id, alias, email, usuario_id, create_at) VALUES (262,'capataz32', 'lorenzofelipe32@gmail.com', 36, '2020-02-18');
INSERT INTO contactos (id, alias, email, usuario_id, create_at) VALUES (263,'charles', 'carlosmedina@telefonica.net', 37, '2019-04-18');
INSERT INTO contactos (id, alias, email, usuario_id, create_at) VALUES (264,'casllo', 'casllo@mixmail.com', 37, '2019-04-19');
INSERT INTO contactos (id, alias, email, usuario_id, create_at) VALUES (265,'goonie', 'gbartolo@gmail.com', 37, '2020-04-09');
INSERT INTO contactos (id, alias, email, usuario_id, create_at) VALUES (266,'casildo', 'fabiromero79@omrom.net', 37, '2018-09-20');
INSERT INTO contactos (id, alias, email, usuario_id, create_at) VALUES (267,'caesar', 'cesaralberca@hotmail.es', 37, '2017-03-01');
INSERT INTO contactos (id, alias, email, usuario_id, create_at) VALUES (268,'charles', 'carlosmedina@telefonica.net', 38, '2019-04-18');
INSERT INTO contactos (id, alias, email, usuario_id, create_at) VALUES (269,'casillo', 'casllo@mixmail.com', 38, '2019-04-19');
INSERT INTO contactos (id, alias, email, usuario_id, create_at) VALUES (270,'capataz32', 'lorenzofelipe32@gmail.com', 38, '2020-02-18');
INSERT INTO contactos (id, alias, email, usuario_id, create_at) VALUES (271,'casllo', 'casillo@mixmail.com', 39, '2019-07-09');
INSERT INTO contactos (id, alias, email, usuario_id, create_at) VALUES (272,'living91', 'living91@gmail.com', 39, '2017-02-21');
INSERT INTO contactos (id, alias, email, usuario_id, create_at) VALUES (273,'pavi32', 'gargaman91@mapei.net', 39, '2018-01-19');
INSERT INTO contactos (id, alias, email, usuario_id, create_at) VALUES (274,'sanabria23', 'davidsanabria23@hotmail.com', 39, '2019-06-20');
INSERT INTO contactos (id, alias, email, usuario_id, create_at) VALUES (275,'serranillo', 'charlysierra@gmail.com', 39, '2019-11-25');
INSERT INTO contactos (id, alias, email, usuario_id, create_at) VALUES (276,'lixben10', 'domingruta@mixmail.com', 39, '2020-03-25');
INSERT INTO contactos (id, alias, email, usuario_id, create_at) VALUES (277,'carrillo', 'carrillopedro@hotmail.com', 39, '2020-04-16');
INSERT INTO contactos (id, alias, email, usuario_id, create_at) VALUES (278,'roger20', 'medinalopez67@orange.com', 39, '2017-12-29');
INSERT INTO contactos (id, alias, email, usuario_id, create_at) VALUES (279,'capataz32', 'lorenzofelipe32@gmail.com', 39, '2020-02-18');
INSERT INTO contactos (id, alias, email, usuario_id, create_at) VALUES (280,'capataz32', 'lorenzofelipe32@gmail.com', 40, '2020-01-31');
INSERT INTO contactos (id, alias, email, usuario_id, create_at) VALUES (281,'honored45', 'chonor67@yahoo.com', 2, '2019-07-21');
INSERT INTO contactos (id, alias, email, usuario_id, create_at) VALUES (282,'parlor', 'lparlort@hotmail.com', 2, '2019-06-04');
INSERT INTO contactos (id, alias, email, usuario_id, create_at) VALUES (283,'yaguas76', 'rpalero@gmail.com', 2, '2020-02-01');
INSERT INTO contactos (id, alias, email, usuario_id, create_at) VALUES (284,'jerito', 'jerito79@omrom.net', 2, '2018-04-20');
INSERT INTO contactos (id, alias, email, usuario_id, create_at) VALUES (285,'lopaz45', 'jlopez@mapei.net', 2, '2018-02-05');
INSERT INTO contactos (id, alias, email, usuario_id, create_at) VALUES (286,'catalan22', 'acatalan@hotmail.com', 2, '2019-07-20');
INSERT INTO contactos (id, alias, email, usuario_id, create_at) VALUES (287,'rufinus', 'sorianorufi@gmail.com', 2, '2019-12-23');
INSERT INTO contactos (id, alias, email, usuario_id, create_at) VALUES (288,'sinvastatina', 'acaruso@mixmail.com', 2, '2020-03-25');
INSERT INTO contactos (id, alias, email, usuario_id, create_at) VALUES (289,'horcajo', 'horcajo90@hotmail.com', 2, '2020-04-16');
INSERT INTO contactos (id, alias, email, usuario_id, create_at) VALUES (290,'frac1', 'fotlipou@orange.com', 2, '2017-11-29');
INSERT INTO contactos (id, alias, email, usuario_id, create_at) VALUES (291,'sastre23', 'csastre32@masmovil.net', 2, '2020-01-29');
INSERT INTO contactos (id, alias, email, usuario_id, create_at) VALUES (292,'zamora40', 'jzamora@gmail.com', 2, '2020-01-13');
INSERT INTO contactos (id, alias, email, usuario_id, create_at) VALUES (293,'risitas', 'julilopez@hotmail.com', 2, '2020-03-16');
INSERT INTO contactos (id, alias, email, usuario_id, create_at) VALUES (294,'roscovich', 'sanzpedro@masmovil.com', 2, '2017-11-29');
INSERT INTO contactos (id, alias, email, usuario_id, create_at) VALUES (295,'titan50', 'titanfernandez@teldat.net', 2, '2020-01-18');
INSERT INTO contactos (id, alias, email, usuario_id, create_at) VALUES (296,'berni10', 'jbernardo@gmail.com', 2, '2020-03-13');